STUDY_ID,Gender,Age,Race,Citizen,Edu,MaritalStatus,Region,Schooling
1001,1,53,3,2,3,3,NA,4
1002,1,78,3,1,3,1,3,5
1003,2,42,4,1,4,3,NA,7
1004,2,72,1,2,2,4,5,14
1005,1,22,4,1,4,5,5,7
1006,1,18,6,1,NA,NA,4,15
1007,2,17,3,1,NA,NA,4,14
1008,1,45,7,1,2,5,5,4
1009,1,15,4,1,NA,NA,2,8
1010,2,67,2,1,5,1,5,6
1011,1,67,4,1,5,2,NA,5
1012,2,57,2,1,1,4,NA,5
1013,2,24,6,2,5,5,NA,1
1014,1,14,3,1,NA,NA,5,15
1015,1,15,4,1,NA,NA,NA,4
1016,2,80,3,1,3,2,NA,7
1017,1,56,6,1,2,1,2,7
1018,1,16,2,1,NA,NA,3,5
1019,2,27,4,1,5,5,NA,77
1020,1,51,4,1,4,5,NA,77
1021,2,68,1,1,1,3,NA,4
1022,1,66,3,1,5,6,NA,9
1023,1,56,3,1,1,1,1,4
1024,2,37,2,1,4,1,2,14
1025,2,80,3,1,5,1,5,77
1026,2,20,4,1,3,5,NA,14
1027,1,24,3,1,4,3,NA,6
1028,2,15,4,1,NA,NA,NA,6
1029,1,27,3,1,4,6,NA,1
1030,2,80,2,1,1,2,NA,3
1031,1,70,3,1,5,6,NA,8
1032,2,20,4,1,4,5,NA,6
1033,2,29,1,2,1,5,NA,3
1034,2,16,4,1,NA,NA,4,6
1035,2,39,1,2,3,1,1,4
1036,1,15,4,1,NA,NA,NA,8
1037,2,15,7,1,NA,NA,NA,6
1038,2,50,1,2,1,4,NA,7
1039,1,14,3,1,NA,NA,4,10
1040,1,69,4,1,3,5,NA,3
1041,2,13,4,1,NA,NA,NA,2
1042,2,18,1,1,NA,NA,2,14
1043,1,13,7,1,NA,NA,5,15
1044,1,27,1,2,2,6,NA,7
1045,2,44,4,1,1,5,NA,9
1046,1,18,3,1,NA,NA,5,15
1047,1,71,2,1,4,1,NA,6
1048,2,37,3,1,3,1,3,8
1049,2,49,3,1,3,1,3,15
1050,2,46,1,1,5,1,5,9
1051,2,12,3,1,NA,NA,NA,7
1052,1,41,4,1,4,1,4,15
1053,2,19,2,1,NA,NA,2,99
1054,1,35,1,2,3,1,5,14
1055,1,40,4,1,4,5,5,14
1056,1,63,1,1,3,2,NA,99
1057,1,54,1,2,2,1,2,5
1058,2,14,3,1,NA,NA,5,15
1059,2,80,1,1,2,5,NA,2
1060,2,38,6,1,4,1,4,14
1061,1,74,3,1,5,1,4,6
1062,2,51,4,2,2,1,3,99
1063,2,18,6,1,NA,NA,3,6
1064,2,54,3,1,4,5,NA,9
1065,1,60,4,1,3,1,3,8
1066,2,80,3,1,3,2,NA,4
1067,2,29,3,1,5,6,NA,5
1068,1,55,3,1,4,1,5,8
1069,2,47,4,1,4,1,5,7
1070,1,51,4,1,3,1,NA,4
1071,2,49,3,1,4,1,4,77
1072,2,43,4,1,4,6,NA,14
1073,1,19,1,1,NA,NA,NA,6
1074,2,68,1,1,1,1,1,3
1075,2,48,3,1,1,1,3,7
1076,2,74,2,1,3,2,NA,8
1077,1,37,2,1,2,4,3,7
1078,2,80,3,1,4,1,4,8
1079,2,27,4,1,3,5,NA,3
1080,1,12,3,1,NA,NA,5,15
1081,2,17,1,1,NA,NA,1,4
1082,1,75,4,1,4,6,NA,4
1083,2,33,3,1,4,1,NA,10
1084,1,53,3,1,3,1,4,14
1085,2,47,4,1,3,3,NA,1
1086,2,44,4,1,4,3,NA,6
1087,1,63,3,1,5,1,5,15
1088,2,80,3,1,3,1,3,7
1089,1,55,3,1,5,3,NA,15
1090,1,68,1,2,1,1,1,3
1091,1,21,1,1,3,5,NA,8
1092,2,37,4,1,2,5,NA,1
1093,2,79,1,2,1,1,1,3
1094,2,14,7,1,NA,NA,NA,6
1095,1,43,4,1,4,6,NA,9
1096,2,60,4,1,5,2,NA,77
1097,2,31,3,1,5,5,NA,7
1098,2,54,2,1,4,3,NA,9
1099,2,68,3,1,3,1,3,8
1100,1,27,3,1,5,5,NA,10
1101,1,54,4,1,3,1,4,15
1102,2,29,7,1,4,1,4,8
1103,2,28,1,1,3,1,3,NA
1104,1,46,1,2,1,1,1,77
1105,1,51,1,2,4,4,NA,77
1106,2,41,7,1,4,3,NA,9
1107,1,66,3,1,5,1,5,15
1108,1,36,3,1,2,1,3,7
1109,1,75,3,1,2,1,2,6
1110,2,72,6,1,5,2,5,15
1111,2,55,1,1,5,5,NA,9
1112,2,64,6,1,5,1,5,9
1113,2,14,6,2,NA,NA,NA,10
1114,2,21,3,1,4,5,5,9
1115,2,50,3,1,4,1,4,9
1116,2,45,1,1,4,1,4,3
1117,2,14,3,1,NA,NA,NA,15
1118,1,40,3,1,4,5,NA,8
1119,2,27,2,1,4,1,4,9
1120,2,39,2,1,3,5,3,10
1121,1,36,6,2,5,6,NA,15
1122,1,53,3,1,4,2,NA,7
1123,2,26,3,1,5,5,NA,5
1124,2,58,6,1,4,1,4,6
1125,2,73,3,1,5,1,5,15
1126,2,61,4,1,5,1,5,14
1127,1,13,2,2,NA,NA,NA,3
1128,1,80,3,1,5,1,4,9
1129,2,13,4,1,NA,NA,NA,6
1130,1,57,6,1,5,1,NA,15
1131,1,63,3,1,5,2,NA,3
1132,1,66,3,1,5,1,5,15
1133,1,58,2,1,4,5,NA,NA
1134,1,59,3,1,2,3,NA,6
1135,1,80,6,1,3,1,5,77
1136,2,72,2,1,4,3,NA,99
1137,1,52,6,1,2,1,NA,NA
1138,1,18,1,1,NA,NA,3,10
1139,2,72,3,1,4,1,4,9
1140,1,38,3,1,2,1,4,6
1141,2,12,1,1,NA,NA,3,10
1142,2,46,1,2,4,4,NA,2
1143,1,80,6,1,1,1,1,3
1144,2,26,3,1,3,1,3,10
1145,1,13,3,1,NA,NA,3,15
1146,2,28,6,2,5,5,NA,6
1147,2,78,2,1,4,2,NA,3
1148,1,24,3,1,3,5,NA,15
1149,2,35,7,1,1,5,NA,1
1150,2,53,3,1,5,1,5,15
1151,2,29,4,2,4,6,NA,3
1152,1,57,1,2,1,1,1,10
1153,2,67,3,1,5,1,5,14
1154,1,61,6,2,1,1,1,5
1155,1,43,7,1,4,1,3,8
1156,1,52,1,1,3,1,4,9
1157,1,80,3,1,2,1,2,14
1158,1,35,4,1,3,6,NA,1
1159,1,58,7,1,4,5,NA,77
1160,2,12,4,1,NA,NA,5,7
1161,1,45,4,1,4,4,NA,5
1162,1,32,6,2,2,1,4,14
1163,1,59,3,1,5,1,5,15
1164,2,24,3,1,4,1,NA,6
1165,1,78,3,1,1,2,NA,3
1166,1,19,4,1,NA,NA,4,15
1167,1,21,4,1,5,5,NA,6
1168,2,67,2,1,5,3,NA,1
1169,2,59,4,1,4,4,NA,9
1170,1,56,3,1,4,1,5,15
1171,1,31,3,1,2,1,4,7
1172,2,16,3,1,NA,NA,4,8
1173,1,64,4,1,3,1,3,5
1174,1,36,3,1,1,1,1,77
1175,2,43,4,1,1,5,NA,3
1176,1,17,3,1,NA,NA,3,7
1177,2,40,4,1,2,5,NA,13
1178,1,74,3,1,5,1,5,14
1179,2,16,6,1,NA,NA,2,7
1180,2,43,3,1,3,1,3,15
1181,1,20,4,1,2,5,NA,6
1182,1,63,3,1,2,1,2,8
1183,1,76,1,2,1,1,1,4
1184,1,26,7,1,4,6,NA,3
1185,1,12,3,1,NA,NA,NA,2
1186,1,63,6,1,2,1,2,6
1187,2,14,2,1,NA,NA,NA,6
1188,2,70,7,1,5,1,3,6
1189,2,44,7,1,4,1,4,2
1190,1,34,3,1,3,1,4,8
1191,2,36,4,1,3,1,3,6
1192,2,36,6,2,5,1,5,15
1193,1,51,3,1,4,1,3,14
1194,1,74,3,1,3,1,3,9
1195,1,66,4,1,2,6,NA,NA
1196,1,60,2,1,4,1,5,15
1197,1,39,4,1,2,1,2,1
1198,2,62,1,1,4,1,4,8
1199,1,59,3,1,2,3,NA,4
1200,1,13,3,1,NA,NA,1,15
1201,1,38,2,2,1,6,NA,NA
1202,2,14,1,1,NA,NA,NA,7
1203,2,16,2,1,NA,NA,5,10
1204,2,28,3,2,5,5,NA,6
1205,2,39,3,1,4,3,NA,8
1206,1,54,6,1,4,1,2,7
1207,1,25,1,1,4,5,NA,9
1208,2,36,1,2,1,1,1,9
1209,1,27,1,1,3,6,NA,13
1210,2,48,1,2,2,4,NA,NA
1211,1,42,4,2,5,1,5,7
1212,2,31,6,2,5,1,5,NA
1213,2,70,3,1,2,1,NA,4
1214,2,74,4,1,2,1,1,7
1215,1,60,1,2,1,1,1,4
1216,1,55,1,1,4,5,NA,6
1217,1,70,4,1,3,1,NA,99
1218,1,80,4,1,2,2,NA,6
1219,1,16,2,1,NA,NA,3,5
1220,2,32,7,1,4,3,4,15
1221,1,34,6,1,5,1,5,14
1222,2,66,3,1,4,1,4,15
1223,1,33,2,2,3,6,NA,6
1224,1,18,3,1,NA,NA,3,14
1225,2,25,3,1,5,5,4,6
1226,1,38,3,1,3,3,NA,6
1227,2,17,3,1,NA,NA,3,15
1228,2,19,4,1,NA,NA,3,99
1229,1,31,3,1,4,1,5,10
1230,2,47,3,1,3,3,NA,6
1231,2,28,2,2,2,4,NA,5
1232,1,41,6,2,5,1,5,15
1233,1,16,3,1,NA,NA,3,10
1234,1,69,3,1,5,3,NA,6
1235,1,46,1,2,2,1,1,9
1236,1,31,3,1,5,5,NA,77
1237,2,80,3,1,4,2,NA,6
1238,2,48,4,1,4,5,NA,12
1239,1,64,7,1,4,1,3,6
1240,1,51,1,2,1,6,NA,8
1241,2,60,4,1,5,4,NA,6
1242,2,19,3,1,NA,NA,NA,6
1243,2,31,6,1,5,5,5,14
1244,2,35,1,7,3,1,3,2
1245,1,15,4,1,NA,NA,4,8
1246,2,74,2,1,3,1,3,15
1247,1,25,3,1,3,1,4,6
1248,2,16,3,1,NA,NA,4,8
1249,2,55,6,2,1,1,1,8
1250,1,72,1,1,2,1,1,4
1251,2,24,4,1,3,6,NA,4
1252,2,24,3,1,4,5,5,9
1253,2,53,3,1,3,2,NA,6
1254,2,57,3,1,3,1,3,15
1255,1,55,7,1,4,1,3,15
1256,2,78,3,1,5,2,NA,14
1257,2,65,2,1,4,2,NA,9
1258,1,41,1,2,1,1,1,6
1259,2,80,3,1,4,2,NA,14
1260,2,60,1,1,2,3,NA,8
1261,2,62,1,2,1,1,NA,8
1262,2,21,3,1,3,5,NA,10
1263,2,25,3,1,3,5,NA,13
1264,2,18,4,1,NA,NA,NA,6
1265,2,31,1,1,4,1,4,6
1266,1,47,3,1,4,3,NA,7
1267,2,61,1,2,4,1,4,6
1268,1,29,3,1,3,1,3,7
1269,1,73,1,1,1,1,1,4
1270,2,60,2,1,3,6,NA,1
1271,2,25,6,2,5,6,NA,7
1272,1,61,4,1,5,1,3,12
1273,2,46,4,1,1,5,NA,13
1274,2,32,2,1,5,6,NA,5
1275,1,66,4,1,4,1,4,NA
1276,2,56,4,1,2,1,3,3
1277,1,23,3,1,4,5,NA,15
1278,2,22,1,1,4,5,NA,5
1279,1,12,1,1,NA,NA,4,7
1280,1,40,3,1,4,4,NA,9
1281,2,67,3,1,3,1,3,15
1282,2,63,6,2,1,1,1,5
1283,2,63,3,1,4,1,4,9
1284,2,14,1,1,NA,NA,4,9
1285,1,70,2,1,5,3,NA,15
1286,1,62,3,1,3,1,3,15
1287,1,54,3,1,4,1,5,15
1288,2,59,1,1,3,4,NA,4
1289,1,48,6,2,3,1,4,99
1290,2,23,1,1,4,1,4,10
1291,2,41,6,1,2,1,2,8
1292,1,80,4,1,1,1,1,7
1293,2,40,6,2,5,3,NA,9
1294,1,43,2,1,4,3,NA,14
1295,1,80,1,1,1,1,1,3
1296,2,32,1,1,4,1,4,9
1297,2,80,3,1,4,1,NA,6
1298,2,54,3,1,3,3,NA,3
1299,1,13,4,1,NA,NA,3,8
1300,2,80,3,1,3,1,3,7
1301,2,50,3,1,5,2,NA,3
1302,1,80,3,1,5,2,NA,14
1303,1,35,1,2,4,6,NA,4
1304,2,47,4,1,5,3,NA,3
1305,2,63,4,1,4,3,NA,1
1306,1,18,1,1,NA,NA,2,15
1307,2,73,3,1,4,3,4,15
1308,2,56,4,1,2,5,NA,8
1309,1,29,2,9,4,5,3,NA
1310,1,33,6,2,5,1,5,15
1311,2,15,4,1,NA,NA,3,99
1312,2,68,4,1,2,2,NA,13
1313,1,71,4,1,3,1,3,9
1314,2,53,4,1,2,1,2,4
1315,1,45,6,2,5,1,5,15
1316,2,15,3,1,NA,NA,NA,6
1317,2,28,3,1,4,1,4,14
1318,1,75,1,1,5,2,NA,14
1319,1,44,4,1,4,1,4,15
1320,1,13,4,1,NA,NA,NA,6
1321,2,45,6,2,3,1,3,6
1322,1,54,1,1,1,4,NA,3
1323,1,58,3,1,5,5,NA,7
1324,1,50,1,2,3,1,NA,3
1325,1,17,4,1,NA,NA,NA,9
1326,2,28,1,1,3,1,3,9
1327,2,42,4,1,5,3,NA,9
1328,1,33,6,2,5,1,5,NA
1329,1,32,1,2,2,5,NA,7
1330,1,15,7,1,NA,NA,NA,5
1331,2,15,3,1,NA,NA,4,15
1332,2,61,4,1,4,1,3,77
1333,2,52,6,1,2,1,2,7
1334,2,46,4,1,4,5,NA,12
1335,1,22,6,1,3,5,4,6
1336,2,51,2,1,4,1,NA,9
1337,2,47,1,2,2,1,2,9
1338,1,38,4,1,2,1,2,2
1339,1,32,1,1,2,5,NA,2
1340,1,61,1,1,1,5,1,6
1341,1,35,4,1,2,1,4,6
1342,1,14,4,1,NA,NA,3,6
1343,2,66,4,1,4,3,NA,4
1344,1,40,3,1,3,6,NA,6
1345,2,43,3,1,5,1,5,9
1346,1,13,3,1,NA,NA,NA,9
1347,2,67,2,2,1,2,NA,6
1348,1,30,3,1,3,1,3,6
1349,2,12,6,1,NA,NA,5,14
1350,1,52,6,1,5,1,5,15
1351,2,60,3,1,4,1,4,3
1352,2,38,2,2,1,4,NA,3
1353,2,41,4,1,5,5,NA,14
1354,1,48,6,2,5,1,5,15
1355,2,16,3,1,NA,NA,NA,2
1356,2,22,1,2,3,1,3,7
1357,2,16,2,1,NA,NA,NA,5
1358,1,76,3,1,4,1,4,9
1359,1,60,4,1,5,2,NA,15
1360,1,51,2,1,1,5,NA,1
1361,1,31,3,1,2,1,2,6
1362,2,60,2,2,2,1,2,6
1363,1,14,1,1,NA,NA,NA,14
1364,2,37,7,1,3,1,3,15
1365,2,68,3,1,3,5,NA,2
1366,2,14,6,2,NA,NA,1,5
1367,1,80,3,1,3,1,NA,NA
1368,1,47,3,1,4,3,NA,6
1369,2,25,1,2,3,5,3,12
1370,2,20,7,1,4,5,NA,14
1371,2,50,6,2,4,1,NA,2
1372,2,36,4,1,2,5,NA,6
1373,2,70,2,1,1,4,NA,4
1374,2,67,1,1,1,1,1,5
1375,2,25,1,2,1,6,NA,7
1376,1,23,1,2,1,6,NA,3
1377,1,26,4,1,4,1,NA,3
1378,1,52,4,1,4,1,3,14
1379,1,34,4,1,3,5,NA,9
1380,1,62,3,1,4,1,4,NA
1381,2,39,3,1,4,1,NA,15
1382,1,67,3,2,4,1,NA,14
1383,1,70,6,1,3,1,3,3
1384,1,70,3,1,3,6,NA,3
1385,1,80,3,1,4,1,3,9
1386,2,74,6,1,5,1,NA,5
1387,2,23,6,1,4,6,3,15
1388,2,41,2,2,3,1,3,4
1389,2,36,1,1,4,1,4,NA
1390,2,74,4,2,1,2,NA,10
1391,1,26,3,1,5,5,NA,8
1392,2,61,3,1,2,3,NA,14
1393,2,22,2,2,3,5,5,14
1394,2,13,4,1,NA,NA,NA,6
1395,1,51,1,1,5,1,5,15
1396,1,14,3,1,NA,NA,NA,15
1397,1,64,1,2,1,1,4,6
1398,1,24,2,2,2,5,NA,5
1399,2,16,1,1,NA,NA,NA,8
1400,1,65,3,1,5,1,5,12
1401,2,49,2,1,5,1,5,8
1402,1,21,4,1,3,5,NA,8
1403,1,37,3,1,5,4,NA,5
1404,1,65,3,1,2,1,5,NA
1405,1,65,3,1,5,1,5,15
1406,2,15,2,1,NA,NA,3,5
1407,2,31,3,1,4,5,NA,3
1408,1,35,3,1,4,1,2,9
1409,2,72,3,1,4,1,4,8
1410,2,44,6,1,4,6,NA,8
1411,2,31,4,1,3,1,3,8
1412,2,26,3,1,4,3,NA,1
1413,2,66,3,1,5,1,5,8
1414,2,53,1,1,2,6,NA,12
1415,1,54,6,1,2,1,NA,8
1416,2,80,4,1,5,1,NA,14
1417,2,29,2,1,4,5,1,14
1418,2,45,2,2,1,4,NA,3
1419,1,19,1,1,NA,NA,1,14
1420,1,15,2,1,NA,NA,2,15
1421,2,53,3,1,4,6,NA,1
1422,1,17,4,1,NA,NA,NA,13
1423,2,43,3,1,4,3,NA,9
1424,1,80,6,1,4,1,4,15
1425,1,65,4,1,3,3,NA,1
1426,2,65,4,1,4,5,NA,3
1427,1,31,6,2,3,1,3,9
1428,2,55,3,1,3,3,NA,4
1429,2,40,2,2,1,3,NA,6
1430,2,52,3,1,3,1,3,5
1431,1,32,2,2,4,6,NA,5
1432,2,55,3,1,3,4,NA,1
1433,2,52,3,1,5,1,NA,15
1434,2,71,3,1,4,2,NA,NA
1435,2,53,4,1,3,1,3,14
1436,1,57,2,1,4,1,4,8
1437,2,17,1,1,NA,NA,NA,4
1438,1,59,3,1,3,1,3,8
1439,1,17,3,1,NA,NA,NA,6
1440,1,38,3,1,3,3,NA,6
1441,1,18,1,1,NA,NA,NA,4
1442,1,62,4,1,3,6,NA,77
1443,1,13,3,1,NA,NA,4,8
1444,1,14,2,1,NA,NA,NA,3
1445,2,69,2,1,5,2,NA,7
1446,1,17,4,1,NA,NA,4,77
1447,2,13,3,1,NA,NA,NA,10
1448,1,50,7,1,2,1,2,4
1449,1,16,4,1,NA,NA,NA,6
1450,2,80,2,1,1,2,3,77
1451,2,20,3,1,4,5,4,15
1452,2,18,7,1,NA,NA,NA,1
1453,1,69,4,1,2,2,NA,5
1454,2,22,4,2,4,1,NA,10
1455,2,65,1,1,4,3,NA,5
1456,2,65,3,1,5,2,NA,8
1457,1,12,1,1,NA,NA,NA,6
1458,2,46,3,1,3,3,NA,10
1459,2,45,4,1,4,5,NA,99
1460,1,68,4,1,3,1,3,6
1461,1,48,3,2,4,3,NA,6
1462,2,59,3,1,4,1,5,15
1463,1,62,2,2,4,1,2,6
1464,1,49,3,1,5,1,5,14
1465,1,79,3,1,2,1,2,6
1466,1,43,6,2,4,1,4,NA
1467,2,21,1,9,3,5,2,6
1468,2,76,2,1,1,2,NA,2
1469,2,45,4,1,3,1,3,14
1470,1,78,1,1,2,1,1,8
1471,1,58,2,1,5,3,NA,NA
1472,2,20,3,1,4,5,NA,7
1473,2,66,6,2,2,1,NA,14
1474,1,32,2,1,3,1,2,2
1475,2,52,4,1,3,1,NA,9
1476,1,31,3,1,5,1,5,8
1477,1,43,1,2,2,1,2,6
1478,2,60,4,1,4,3,NA,9
1479,2,80,1,1,3,6,NA,77
1480,1,12,3,1,NA,NA,4,15
1481,2,80,4,2,1,2,NA,3
1482,2,24,3,1,5,1,5,9
1483,2,33,6,2,5,1,5,99
1484,2,65,6,1,5,1,5,14
1485,2,35,3,1,4,1,2,6
1486,2,46,1,1,4,3,NA,6
1487,1,80,7,1,4,1,5,5
1488,1,71,1,1,3,1,NA,4
1489,2,31,6,2,5,1,5,10
1490,1,31,2,1,4,5,1,14
1491,2,26,6,2,5,5,NA,1
1492,1,32,7,1,4,1,4,8
1493,2,75,4,1,2,3,NA,12
1494,1,80,3,1,2,1,NA,13
1495,2,36,4,1,5,5,NA,8
1496,2,68,3,1,2,5,NA,99
1497,2,47,1,1,2,1,5,6
1498,2,15,4,1,NA,NA,4,15
1499,2,31,6,2,3,1,3,77
1500,1,64,6,1,5,1,5,15
1501,2,48,3,1,3,1,3,14
1502,2,75,1,1,2,2,NA,3
1503,1,74,3,1,5,3,NA,5
1504,2,42,2,1,2,1,2,6
1505,1,68,3,1,3,3,NA,4
1506,1,13,4,1,NA,NA,NA,6
1507,2,66,1,1,2,1,3,5
1508,1,67,3,1,3,2,NA,3
1509,2,16,4,1,NA,NA,NA,99
1510,2,18,6,1,NA,NA,NA,6
1511,2,16,3,1,NA,NA,2,7
1512,2,16,4,1,NA,NA,NA,7
1513,1,71,1,2,1,3,NA,2
1514,1,63,4,1,2,5,4,15
1515,2,21,7,1,4,5,NA,3
1516,2,37,2,2,5,1,5,1
1517,2,55,3,1,3,1,3,6
1518,2,53,3,1,5,1,5,8
1519,1,14,4,1,NA,NA,NA,14
1520,2,19,2,1,NA,NA,NA,1
1521,1,42,3,1,4,1,4,10
1522,2,13,2,1,NA,NA,2,8
1523,1,46,7,2,5,1,5,77
1524,1,57,2,2,5,1,5,14
1525,2,14,7,1,NA,NA,NA,4
1526,1,18,6,1,NA,NA,NA,1
1527,2,17,3,1,NA,NA,3,7
1528,2,75,3,1,4,1,4,10
1529,1,67,4,1,4,3,NA,2
1530,2,13,1,1,NA,NA,NA,7
1531,2,27,2,2,5,1,5,6
1532,1,54,6,1,5,1,4,15
1533,2,36,3,1,2,1,2,9
1534,1,78,4,1,4,3,NA,8
1535,1,78,3,1,3,1,3,8
1536,1,45,4,1,3,1,3,7
1537,2,63,4,1,3,4,NA,4
1538,1,61,4,1,4,1,5,15
1539,2,32,4,1,4,5,4,10
1540,1,30,3,1,4,5,NA,15
1541,1,65,2,1,4,1,4,6
1542,2,69,3,1,5,1,NA,15
1543,1,61,2,1,5,3,4,77
1544,1,67,1,1,4,1,4,10
1545,1,66,6,1,4,1,1,9
1546,2,25,1,1,5,5,1,14
1547,2,77,3,1,4,1,4,9
1548,2,40,1,1,3,4,NA,7
1549,2,52,3,1,4,5,NA,9
1550,2,33,1,1,4,3,NA,77
1551,2,41,1,2,1,1,1,6
1552,1,80,3,1,5,1,5,NA
1553,1,30,1,2,4,6,NA,7
1554,2,66,3,1,4,3,NA,4
1555,2,60,1,1,3,3,NA,6
1556,1,60,4,1,5,1,4,6
1557,1,76,3,1,1,2,NA,5
1558,2,60,4,1,4,1,4,8
1559,2,50,1,1,4,1,4,10
1560,2,64,6,2,4,2,NA,15
1561,2,58,2,1,2,1,2,99
1562,1,58,3,1,3,1,4,8
1563,2,54,4,1,3,1,3,8
1564,2,12,3,1,NA,NA,4,15
1565,2,68,2,2,1,3,NA,5
1566,2,35,1,2,3,6,3,12
1567,2,32,2,2,4,5,NA,6
1568,2,32,1,2,1,6,NA,7
1569,2,33,4,1,2,5,3,14
1570,1,60,4,1,4,5,NA,2
1571,1,77,3,1,2,2,NA,13
1572,1,59,3,1,5,1,5,15
1573,1,52,6,2,5,1,5,15
1574,2,18,3,1,NA,NA,NA,NA
1575,1,12,4,1,NA,NA,NA,77
1576,1,80,3,1,3,3,NA,4
1577,1,36,6,2,3,1,3,10
1578,1,57,4,1,2,6,NA,14
1579,1,80,3,1,4,1,5,77
1580,1,52,6,1,5,5,NA,6
1581,2,50,2,1,5,1,5,15
1582,2,40,2,1,5,1,1,7
1583,2,24,6,2,5,5,NA,1
1584,1,42,4,1,2,1,2,6
1585,1,44,4,1,3,1,3,6
1586,2,64,2,1,5,6,NA,8
1587,2,66,3,1,5,3,NA,8
1588,1,56,3,1,3,1,3,10
1589,2,25,6,2,5,5,NA,9
1590,2,29,3,1,5,1,5,9
1591,1,12,1,1,NA,NA,NA,7
1592,2,76,3,1,3,1,3,9
1593,1,70,3,1,5,1,5,5
1594,2,55,2,1,3,1,NA,10
1595,1,12,4,1,NA,NA,NA,3
1596,2,14,7,1,NA,NA,5,15
1597,1,71,3,1,5,5,NA,15
1598,2,53,3,1,5,5,NA,6
1599,2,80,7,1,4,3,NA,3
1600,1,16,3,1,NA,NA,5,14
1601,1,14,3,1,NA,NA,5,14
1602,1,47,4,1,3,4,NA,3
1603,1,65,2,1,1,1,1,7
1604,1,49,6,2,4,1,4,5
1605,1,66,4,1,4,1,4,5
1606,1,13,2,1,NA,NA,5,8
1607,1,15,1,1,NA,NA,3,6
1608,2,51,4,2,2,2,NA,3
1609,2,49,4,1,3,3,NA,8
1610,2,62,1,1,4,1,4,4
1611,1,66,6,1,2,3,NA,7
1612,2,61,3,1,5,1,5,14
1613,2,65,4,1,5,3,NA,7
1614,1,66,3,1,4,1,NA,10
1615,2,80,3,1,3,1,NA,3
1616,2,27,2,1,4,5,NA,9
1617,1,20,1,1,4,5,2,7
1618,1,33,3,1,5,6,NA,4
1619,1,49,1,1,4,3,NA,9
1620,1,22,2,1,2,5,NA,6
1621,2,38,4,1,4,3,NA,1
1622,1,25,1,2,3,5,NA,8
1623,2,62,1,2,1,4,NA,13
1624,2,32,3,1,4,1,3,6
1625,1,32,3,1,5,5,NA,5
1626,2,61,4,1,4,3,NA,99
1627,1,59,2,2,2,5,NA,NA
1628,1,35,1,1,3,4,NA,4
1629,1,35,2,2,3,1,NA,6
1630,2,80,3,1,4,2,NA,4
1631,2,16,3,1,NA,NA,2,6
1632,1,59,3,1,4,6,NA,2
1633,1,40,4,1,2,5,NA,NA
1634,1,80,3,1,4,2,NA,4
1635,2,25,6,1,5,5,2,6
1636,2,68,3,1,2,1,4,7
1637,1,52,4,1,3,5,NA,1
1638,2,38,1,1,3,6,NA,7
1639,1,19,1,1,NA,NA,NA,1
1640,2,80,3,1,4,1,4,4
1641,1,56,3,1,3,1,3,15
1642,1,33,1,2,2,1,2,4
1643,1,46,4,1,3,1,3,77
1644,2,23,4,2,5,5,NA,3
1645,2,20,1,1,3,5,2,14
1646,2,12,2,1,NA,NA,NA,10
1647,2,70,1,1,3,2,NA,2
1648,1,26,3,1,5,1,NA,9
1649,2,46,4,1,2,5,NA,2
1650,1,69,7,1,5,2,NA,NA
1651,2,57,1,1,5,1,4,14
1652,1,40,6,2,5,1,3,1
1653,1,16,3,1,NA,NA,NA,6
1654,2,14,2,1,NA,NA,NA,8
1655,2,54,4,1,3,1,3,10
1656,2,47,2,2,2,1,2,15
1657,2,15,1,1,NA,NA,NA,4
1658,2,18,3,1,NA,NA,4,14
1659,1,80,3,1,4,1,4,8
1660,2,29,6,2,5,1,5,NA
1661,2,12,1,2,NA,NA,1,77
1662,2,36,1,1,4,6,NA,15
1663,1,80,3,1,4,1,4,7
1664,2,33,3,1,1,1,1,14
1665,2,16,3,1,NA,NA,5,15
1666,1,33,1,2,1,6,NA,7
1667,1,69,4,1,1,4,NA,3
1668,1,54,1,1,3,1,3,15
1669,1,46,3,1,3,1,3,7
1670,1,53,3,1,3,1,NA,10
1671,2,30,4,1,5,5,NA,7
1672,2,59,4,2,3,2,NA,4
1673,2,61,2,2,3,1,3,77
1674,2,48,7,2,1,2,NA,5
1675,2,80,3,1,4,2,NA,6
1676,1,53,3,1,5,1,5,15
1677,2,47,4,1,3,1,3,8
1678,1,63,3,1,2,1,3,15
1679,2,57,2,1,1,4,NA,1
1680,2,13,3,1,NA,NA,NA,14
1681,1,50,4,1,4,1,4,10
1682,1,34,4,1,5,1,4,7
1683,2,57,3,1,3,1,3,3
1684,2,73,4,1,5,5,NA,5
1685,1,16,3,1,NA,NA,1,15
1686,1,12,6,1,NA,NA,5,15
1687,1,24,3,1,3,6,NA,15
1688,2,31,4,1,5,5,5,15
1689,2,22,4,1,4,5,NA,13
1690,2,73,4,1,4,1,1,7
1691,1,20,4,1,4,5,NA,15
1692,1,26,6,1,5,5,NA,6
1693,1,46,1,1,4,1,2,6
1694,1,18,1,1,NA,NA,NA,1
1695,2,60,4,1,4,5,NA,99
1696,2,18,4,1,NA,NA,NA,5
1697,2,17,3,1,NA,NA,5,15
1698,2,60,3,1,5,1,5,7
1699,1,40,3,1,1,1,3,9
1700,1,26,4,1,2,5,NA,5
1701,2,22,2,1,2,6,NA,1
1702,2,18,1,1,NA,NA,NA,5
1703,2,80,1,1,1,1,1,3
1704,1,63,3,1,5,5,NA,3
1705,1,80,2,1,1,1,1,2
1706,2,24,1,1,2,6,NA,7
1707,2,29,3,1,5,1,5,8
1708,2,69,3,1,2,3,NA,99
1709,2,12,3,1,NA,NA,NA,1
1710,2,18,2,1,NA,NA,4,8
1711,2,34,4,1,4,5,NA,1
1712,1,72,7,1,4,3,NA,5
1713,1,60,2,1,4,1,4,77
1714,1,31,3,1,3,5,4,7
1715,1,54,6,1,3,1,4,15
1716,2,49,1,1,3,1,3,15
1717,2,49,1,2,2,1,2,7
1718,2,75,2,1,5,2,NA,9
1719,2,62,3,1,3,1,3,6
1720,1,37,3,1,3,5,5,14
1721,1,50,2,1,2,1,2,2
1722,2,76,3,1,4,1,4,8
1723,1,68,1,2,1,1,NA,5
1724,2,15,2,1,NA,NA,3,14
1725,1,15,4,1,NA,NA,NA,8
1726,2,37,3,1,1,3,NA,3
1727,1,72,2,2,2,1,1,2
1728,1,13,6,1,NA,NA,5,14
1729,2,15,4,1,NA,NA,5,15
1730,2,36,3,1,4,3,NA,5
1731,1,27,1,2,1,1,4,10
1732,2,28,2,1,3,1,3,8
1733,2,35,6,2,3,1,3,10
1734,2,62,1,1,1,1,1,4
1735,1,19,6,2,NA,NA,NA,2
1736,1,80,3,1,3,1,3,6
1737,1,80,3,1,4,2,NA,6
1738,1,16,4,1,NA,NA,NA,8
1739,1,40,4,1,2,6,NA,NA
1740,2,15,3,1,NA,NA,4,7
1741,2,25,1,1,3,3,NA,1
1742,1,78,3,1,4,1,3,9
1743,1,72,1,2,1,1,1,7
1744,2,30,3,1,5,1,5,8
1745,2,50,6,1,5,1,5,15
1746,1,44,4,1,5,1,5,3
1747,2,22,3,1,3,5,NA,3
1748,1,77,2,1,1,1,9,99
1749,1,63,2,1,4,1,5,9
1750,2,37,3,1,4,6,NA,6
1751,1,14,4,1,NA,NA,4,15
1752,1,16,1,1,NA,NA,2,15
1753,2,13,6,1,NA,NA,5,15
1754,2,80,3,1,5,1,5,5
1755,2,21,3,1,4,5,NA,15
1756,1,65,2,1,3,1,NA,7
1757,2,46,3,1,1,1,NA,7
1758,1,22,6,2,4,5,NA,14
1759,2,69,4,1,4,2,NA,13
1760,1,43,2,1,4,5,2,14
1761,2,44,3,1,5,3,NA,4
1762,2,80,3,1,1,2,NA,7
1763,2,68,6,1,5,1,5,7
1764,2,73,1,1,5,3,NA,14
1765,1,60,4,1,3,2,NA,4
1766,1,64,4,1,4,1,5,14
1767,1,30,1,2,4,1,1,7
1768,2,12,1,1,NA,NA,1,12
1769,2,36,2,1,4,1,NA,5
1770,1,59,3,1,5,1,4,10
1771,1,61,1,2,1,1,1,6
1772,2,39,3,1,5,1,5,15
1773,1,14,1,1,NA,NA,NA,5
1774,2,21,1,2,1,1,2,77
1775,2,37,4,1,4,5,NA,8
1776,2,58,3,1,5,3,NA,2
1777,2,43,4,1,4,3,NA,7
1778,2,17,1,1,NA,NA,NA,1
1779,2,80,3,1,3,1,3,6
1780,1,12,3,1,NA,NA,5,15
1781,1,43,2,2,1,5,NA,4
1782,1,64,3,1,3,1,4,9
1783,1,69,3,1,5,1,5,14
1784,1,25,4,1,3,6,NA,4
1785,2,37,3,1,3,3,NA,6
1786,1,35,1,1,2,1,2,14
1787,1,33,4,1,3,5,4,5
1788,1,60,4,1,2,4,NA,5
1789,1,24,1,2,1,6,NA,7
1790,1,58,4,1,4,1,3,14
1791,1,66,3,1,4,1,4,15
1792,2,40,4,1,4,5,NA,6
1793,1,65,6,1,5,5,NA,4
1794,1,30,3,1,4,5,3,9
1795,1,65,3,1,4,1,4,15
1796,1,70,4,1,4,2,NA,6
1797,2,42,7,1,5,1,5,10
1798,1,25,3,1,2,5,2,12
1799,1,23,2,1,2,5,3,77
1800,1,80,3,1,4,3,NA,4
1801,2,50,3,1,4,3,NA,15
1802,2,30,4,1,5,5,NA,7
1803,2,38,3,1,1,1,1,15
1804,2,13,4,1,NA,NA,NA,13
1805,1,39,1,2,1,2,NA,1
1806,1,12,4,1,NA,NA,NA,13
1807,1,51,3,1,5,1,5,15
1808,1,18,1,1,NA,NA,NA,3
1809,1,39,1,2,2,6,NA,5
1810,1,59,3,1,3,5,NA,2
1811,2,59,3,1,3,1,3,8
1812,1,80,3,1,3,3,NA,3
1813,1,80,6,1,5,1,3,15
1814,1,16,4,1,NA,NA,4,8
1815,2,78,4,1,3,2,NA,2
1816,1,54,3,1,5,6,NA,3
1817,1,67,4,1,4,1,5,14
1818,2,17,3,1,NA,NA,4,14
1819,1,70,4,1,3,3,NA,10
1820,1,40,1,2,5,1,5,6
1821,1,69,4,1,3,1,2,7
1822,2,18,4,1,NA,NA,NA,9
1823,1,62,3,1,5,1,4,14
1824,2,62,2,1,1,1,1,14
1825,1,24,3,1,2,1,NA,8
1826,2,37,4,1,5,6,NA,14
1827,2,53,6,2,4,1,5,15
1828,1,80,4,1,1,2,NA,99
1829,2,75,6,1,1,1,1,3
1830,2,67,2,1,1,5,NA,NA
1831,2,42,4,1,5,5,NA,2
1832,1,71,3,1,3,1,3,5
1833,2,79,3,1,3,2,NA,8
1834,2,30,4,1,4,1,4,8
1835,1,65,4,1,3,1,3,77
1836,1,50,3,1,3,1,3,10
1837,2,62,3,1,3,5,NA,5
1838,1,44,4,1,2,6,NA,4
1839,2,34,1,1,5,1,5,15
1840,1,41,2,1,5,1,4,8
1841,1,17,3,1,NA,NA,NA,9
1842,1,78,3,1,5,1,3,6
1843,1,69,2,1,1,5,NA,1
1844,2,45,3,1,5,1,4,15
1845,1,50,2,2,4,1,NA,99
1846,1,57,2,1,2,1,1,8
1847,2,77,4,1,4,3,NA,13
1848,1,25,4,1,3,5,NA,6
1849,1,65,2,1,3,1,1,3
1850,1,47,3,1,4,1,NA,15
1851,2,35,3,1,3,1,3,6
1852,2,80,3,1,2,2,NA,8
1853,1,18,1,1,NA,NA,NA,2
1854,1,28,3,1,4,1,4,7
1855,2,60,6,2,2,1,5,NA
1856,2,77,3,1,3,2,NA,4
1857,1,43,1,1,2,5,NA,6
1858,2,14,4,1,NA,NA,NA,10
1859,1,52,2,1,1,6,NA,13
1860,2,40,3,1,5,1,5,15
1861,2,18,4,1,NA,NA,3,10
1862,2,60,6,1,3,1,3,3
1863,2,80,3,1,4,2,NA,3
1864,2,16,4,NA,NA,NA,4,77
1865,2,35,7,1,4,1,NA,1
1866,2,16,3,1,NA,NA,4,15
1867,2,36,6,1,5,1,5,7
1868,1,64,4,1,5,2,NA,4
1869,1,12,1,1,NA,NA,1,77
1870,1,59,3,1,4,5,NA,14
1871,2,36,7,1,4,1,3,10
1872,2,13,6,1,NA,NA,5,15
1873,2,64,1,1,4,1,4,14
1874,1,33,1,2,1,1,1,5
1875,1,60,1,1,3,1,3,12
1876,1,52,6,1,5,1,4,15
1877,2,80,4,1,3,1,3,9
1878,1,37,3,1,4,1,5,14
1879,2,71,1,1,1,2,NA,3
1880,1,70,1,1,1,2,NA,2
1881,1,57,3,1,2,1,NA,6
1882,2,44,3,1,4,1,NA,15
1883,2,23,2,1,4,5,4,15
1884,1,79,1,1,1,6,NA,77
1885,2,24,1,1,5,1,4,15
1886,1,25,4,1,3,5,NA,2
1887,1,73,3,1,4,3,NA,5
1888,1,66,1,2,1,1,1,6
1889,2,38,6,1,5,1,5,15
1890,1,79,3,1,3,1,3,7
1891,2,63,2,2,2,6,NA,2
1892,1,51,2,1,3,6,NA,1
1893,1,51,4,2,3,1,4,14
1894,1,26,4,1,3,5,NA,4
1895,1,52,1,2,3,1,NA,3
1896,1,58,2,1,3,3,NA,1
1897,2,47,3,1,3,6,NA,1
1898,1,40,4,1,5,5,NA,15
1899,2,26,3,1,4,1,4,10
1900,1,33,2,2,2,1,2,3
1901,2,41,1,1,3,1,NA,15
1902,1,48,6,1,4,1,3,9
1903,1,77,1,1,4,2,NA,8
1904,2,74,1,2,1,1,1,99
1905,2,51,4,1,5,1,5,7
1906,1,27,7,1,4,1,4,2
1907,2,33,6,2,5,1,5,15
1908,2,31,6,2,5,1,5,15
1909,1,52,3,1,3,3,NA,4
1910,1,59,2,1,4,1,2,14
1911,2,30,1,2,3,6,NA,4
1912,1,29,1,1,4,1,5,15
1913,1,17,3,1,NA,NA,3,15
1914,1,35,2,1,2,5,NA,3
1915,1,50,4,1,2,5,NA,77
1916,2,13,4,1,NA,NA,4,77
1917,1,77,3,1,5,1,3,9
1918,2,80,3,1,3,1,3,13
1919,2,36,6,2,5,5,NA,15
1920,2,22,3,1,4,1,4,3
1921,2,25,3,1,5,5,NA,7
1922,2,13,2,1,NA,NA,4,13
1923,2,80,3,1,4,2,NA,8
1924,1,20,2,1,3,5,4,14
1925,1,24,3,1,3,5,NA,14
1926,2,42,4,1,5,1,5,15
1927,1,47,2,1,1,1,NA,6
1928,2,16,1,1,NA,NA,NA,2
1929,1,15,3,1,NA,NA,NA,9
1930,1,54,6,1,5,5,NA,6
1931,2,27,3,1,3,1,3,6
1932,1,66,1,1,5,1,4,14
1933,1,26,1,1,3,1,1,6
1934,1,76,3,1,4,1,4,6
1935,1,19,3,1,NA,NA,3,15
1936,2,35,3,1,5,1,5,14
1937,1,23,3,1,5,6,NA,7
1938,2,41,6,1,5,1,5,15
1939,2,64,3,1,3,1,3,10
1940,1,53,3,1,5,1,5,77
1941,2,45,3,1,4,1,4,14
1942,2,79,3,1,3,1,3,5
1943,2,49,2,1,5,2,NA,10
1944,1,58,3,1,4,1,NA,6
1945,1,13,4,1,NA,NA,NA,5
1946,2,37,6,2,5,1,5,15
1947,1,17,4,1,NA,NA,5,12
1948,1,17,4,1,NA,NA,5,8
1949,2,32,4,1,4,6,NA,7
1950,2,46,7,1,4,3,NA,5
1951,2,34,1,1,1,3,3,8
1952,1,80,3,1,4,1,5,8
1953,2,18,4,1,NA,NA,NA,10
1954,1,14,4,1,NA,NA,4,5
1955,1,18,1,1,NA,NA,2,6
1956,1,64,2,1,2,3,NA,3
1957,1,14,6,2,NA,NA,5,NA
1958,1,27,1,2,2,1,2,77
1959,1,22,3,1,4,5,4,15
1960,1,16,6,1,NA,NA,3,14
1961,2,63,2,1,3,2,NA,6
1962,1,65,4,1,3,1,3,5
1963,2,33,2,2,1,6,NA,6
1964,2,58,4,1,3,1,3,14
1965,2,56,4,1,3,5,NA,5
1966,2,60,1,2,1,1,1,6
1967,2,34,2,2,3,1,3,7
1968,2,66,2,1,5,4,NA,NA
1969,2,43,6,1,5,1,NA,NA
1970,1,61,2,1,4,5,NA,77
1971,1,38,4,1,4,3,NA,7
1972,2,80,4,1,4,2,NA,8
1973,2,12,3,1,NA,NA,4,10
1974,1,69,7,1,4,3,NA,2
1975,2,30,4,1,5,5,NA,12
1976,1,35,1,1,2,1,4,14
1977,1,80,3,2,5,1,5,77
1978,1,38,6,2,5,1,5,15
1979,1,70,3,1,5,1,5,15
1980,2,55,4,1,4,5,NA,3
1981,1,16,3,1,NA,NA,5,14
1982,1,62,3,1,3,1,4,14
1983,1,57,1,1,4,1,3,7
1984,1,17,4,1,NA,NA,NA,6
1985,2,65,3,1,4,1,4,9
1986,1,26,1,2,2,1,1,7
1987,2,33,2,2,1,4,NA,4
1988,2,29,6,1,5,1,4,10
1989,1,29,1,1,2,4,NA,3
1990,1,55,3,1,4,3,NA,9
1991,2,49,7,1,5,1,5,77
1992,1,18,7,1,NA,NA,NA,NA
1993,2,45,4,1,5,5,NA,9
1994,1,65,4,1,3,5,NA,2
1995,2,59,6,1,3,1,3,1
1996,1,38,7,1,3,5,NA,4
1997,1,42,6,2,5,1,5,5
1998,1,63,3,1,5,1,5,7
1999,2,55,2,2,3,6,NA,4
2000,1,75,3,1,2,1,3,6
2001,2,48,3,1,1,3,NA,6
2002,1,80,6,2,1,2,5,6
2003,1,16,2,1,NA,NA,NA,2
2004,2,12,3,1,NA,NA,4,8
2005,2,46,7,1,5,1,5,15
2006,1,28,3,1,2,4,NA,7
2007,2,12,2,1,NA,NA,3,9
2008,2,80,3,1,3,2,NA,2
2009,1,29,6,2,5,1,5,10
2010,2,47,3,1,5,1,5,15
2011,1,29,6,2,5,5,NA,4
2012,2,30,6,1,5,1,5,15
2013,2,36,4,1,4,5,NA,77
2014,2,30,4,1,5,3,NA,6
2015,2,52,4,1,4,1,4,10
2016,2,58,3,1,5,1,5,15
2017,1,21,7,1,4,5,NA,14
2018,2,69,3,1,5,3,NA,4
2019,2,14,1,1,NA,NA,3,4
2020,1,40,3,1,2,6,NA,10
2021,2,80,3,1,3,6,NA,12
2022,2,73,2,2,2,3,3,14
2023,2,52,3,1,3,3,NA,5
2024,1,43,4,1,3,1,4,5
2025,1,38,3,1,4,5,NA,2
2026,2,67,3,1,5,1,5,15
2027,1,25,6,2,5,5,NA,1
2028,2,24,2,1,3,6,NA,6
2029,1,37,4,1,4,5,NA,6
2030,2,15,3,1,NA,NA,4,7
2031,1,40,3,1,3,3,NA,1
2032,2,40,3,1,5,1,4,14
2033,1,13,1,1,NA,NA,3,10
2034,1,36,4,1,4,5,NA,6
2035,2,79,3,1,3,2,NA,77
2036,1,26,1,2,2,5,NA,13
2037,2,14,1,1,NA,NA,2,9
2038,2,56,1,1,2,1,2,7
2039,1,14,2,1,NA,NA,NA,9
2040,1,22,6,2,5,5,NA,NA
2041,2,44,6,2,4,1,4,2
2042,1,33,4,1,4,1,NA,6
2043,1,41,4,1,3,1,5,14
2044,1,59,3,1,5,1,4,6
2045,2,69,1,1,3,1,3,5
2046,1,60,4,1,5,1,5,14
2047,2,31,4,1,4,1,NA,3
2048,1,20,3,1,3,6,NA,6
2049,2,79,3,1,4,1,3,8
2050,1,48,6,1,5,6,NA,6
2051,2,22,2,1,4,4,NA,5
2052,1,58,4,1,4,1,5,15
2053,1,38,3,1,3,1,4,8
2054,2,36,1,2,1,1,1,7
2055,2,39,2,2,1,6,NA,NA
2056,2,19,3,1,NA,NA,NA,15
2057,2,37,2,1,5,1,5,14
2058,2,71,1,1,3,6,NA,2
2059,2,15,3,1,NA,NA,NA,15
2060,2,56,4,1,3,1,3,6
2061,1,13,3,1,NA,NA,4,9
2062,2,31,1,2,1,4,NA,1
2063,2,80,3,1,3,2,NA,4
2064,1,70,1,2,1,1,1,2
2065,2,75,2,2,1,1,1,2
2066,2,12,6,1,NA,NA,2,7
2067,2,40,7,1,4,6,NA,9
2068,2,44,2,1,3,3,NA,5
2069,2,27,6,2,5,5,NA,12
2070,2,31,3,1,5,3,NA,8
2071,1,42,7,1,4,6,NA,7
2072,1,12,6,1,NA,NA,5,15
2073,1,46,1,2,1,1,1,6
2074,1,58,4,1,4,1,4,10
2075,2,56,1,2,1,1,1,12
2076,1,59,2,2,2,6,NA,4
2077,1,58,4,1,4,5,NA,3
2078,2,70,6,1,5,1,NA,9
2079,2,53,3,1,5,1,5,15
2080,1,48,3,1,4,1,4,15
2081,2,29,3,1,5,1,NA,14
2082,2,71,3,1,5,1,5,15
2083,2,56,2,1,3,1,3,7
2084,2,17,3,1,NA,NA,NA,6
2085,2,39,2,1,5,3,5,14
2086,2,26,4,1,5,6,NA,7
2087,1,33,3,1,4,1,4,9
2088,1,21,6,2,4,5,NA,10
2089,2,12,7,1,NA,NA,NA,15
2090,1,64,4,1,4,1,4,7
2091,2,31,2,1,2,5,NA,5
2092,2,28,6,1,4,1,4,9
2093,2,75,7,1,4,3,NA,4
2094,1,27,1,2,2,1,NA,5
2095,1,38,3,1,3,6,NA,5
2096,2,31,3,1,4,1,4,6
2097,2,15,4,1,NA,NA,4,7
2098,1,80,3,1,2,2,NA,5
2099,2,58,4,1,5,1,5,14
2100,1,34,2,2,4,6,NA,8
2101,2,36,3,1,5,5,NA,14
2102,2,19,4,1,NA,NA,NA,1
2103,1,55,7,1,5,1,5,14
2104,1,14,2,1,NA,NA,5,12
2105,2,57,4,1,3,1,3,6
2106,1,12,4,1,NA,NA,NA,8
2107,1,76,2,1,5,1,3,15
2108,1,61,4,1,3,3,NA,5
2109,2,17,2,2,NA,NA,NA,6
2110,1,54,6,1,4,1,4,14
2111,1,13,1,1,NA,NA,4,6
2112,1,80,3,1,5,6,NA,7
2113,2,35,4,1,1,5,NA,13
2114,2,60,3,1,5,1,5,15
2115,2,27,2,2,1,1,2,13
2116,1,27,6,2,5,5,NA,6
2117,1,52,4,1,3,5,4,6
2118,2,18,7,1,NA,NA,NA,14
2119,1,68,2,1,3,1,5,15
2120,1,15,1,1,NA,NA,NA,7
2121,1,43,2,1,5,1,5,15
2122,1,54,3,1,5,5,NA,1
2123,2,38,3,1,2,6,NA,10
2124,1,55,6,2,1,1,1,7
2125,2,52,2,1,1,3,NA,5
2126,2,37,2,1,3,5,3,10
2127,2,54,3,1,5,4,NA,15
2128,2,39,3,1,5,3,NA,15
2129,1,22,3,1,1,5,1,8
2130,1,15,3,1,NA,NA,NA,2
2131,1,50,3,1,4,1,4,15
2132,1,52,4,1,3,1,3,4
2133,2,17,4,1,NA,NA,NA,NA
2134,2,15,6,1,NA,NA,NA,NA
2135,2,13,6,1,NA,NA,NA,15
2136,1,44,3,1,5,1,3,15
2137,2,18,2,1,NA,NA,3,10
2138,1,75,3,1,3,1,3,6
2139,1,52,3,1,4,3,NA,7
2140,2,66,4,1,2,4,NA,3
2141,2,37,3,1,4,1,4,15
2142,1,15,2,1,NA,NA,1,7
2143,2,80,3,1,3,2,NA,77
2144,2,27,3,1,5,1,5,6
2145,1,62,2,1,5,1,5,9
2146,2,46,1,1,5,1,5,15
2147,2,33,4,1,3,5,NA,6
2148,1,17,1,1,NA,NA,NA,7
2149,2,27,4,1,3,5,NA,10
2150,2,45,4,1,4,3,NA,NA
2151,2,80,2,1,3,2,NA,2
2152,1,22,3,1,3,5,NA,15
2153,2,17,4,1,NA,NA,NA,8
2154,2,39,3,1,5,1,5,15
2155,2,18,1,1,NA,NA,NA,7
2156,2,19,1,1,NA,NA,NA,15
2157,1,18,4,1,NA,NA,NA,13
2158,2,57,2,1,4,1,4,14
2159,1,49,3,1,4,1,5,8
2160,2,80,7,1,2,1,2,7
2161,1,51,3,1,2,1,4,14
2162,2,78,3,1,3,1,3,9
2163,2,37,7,1,3,5,NA,6
2164,1,68,3,1,4,6,NA,12
2165,2,36,1,2,2,1,2,4
2166,1,24,3,1,3,1,NA,8
2167,2,56,3,1,4,1,4,6
2168,2,27,6,1,5,5,NA,4
2169,2,16,3,1,NA,NA,1,15
2170,2,59,2,1,4,3,NA,6
2171,1,15,1,1,NA,NA,3,4
2172,2,12,2,1,NA,NA,3,9
2173,2,78,1,1,1,2,NA,3
2174,1,36,1,2,1,1,4,6
2175,1,62,4,1,2,1,2,7
2176,1,48,7,1,5,1,5,14
2177,2,53,6,2,5,1,NA,15
2178,1,13,2,1,NA,NA,NA,9
2179,1,18,4,1,NA,NA,NA,7
2180,1,37,2,1,3,5,NA,9
2181,2,20,3,1,4,5,3,6
2182,2,16,3,1,NA,NA,5,9
2183,2,54,1,1,4,1,1,NA
2184,1,23,6,1,5,5,4,6
2185,1,61,3,1,3,1,3,8
2186,2,62,3,1,3,1,1,4
2187,2,50,2,1,4,5,NA,6
2188,2,66,1,1,1,2,NA,13
2189,2,17,6,1,NA,NA,3,14
2190,2,73,3,1,4,1,3,6
2191,1,72,4,1,3,2,NA,2
2192,1,36,1,2,1,1,1,5
2193,1,18,3,1,NA,NA,5,15
2194,1,23,6,2,2,5,NA,9
2195,1,46,2,2,5,1,5,15
2196,2,56,3,1,3,1,NA,3
2197,2,55,1,2,1,1,1,4
2198,1,47,3,1,3,5,3,8
2199,2,42,3,1,3,4,NA,1
2200,2,29,4,1,4,5,NA,5
2201,2,37,3,1,1,1,2,4
2202,2,32,4,1,3,5,NA,3
2203,1,50,3,1,5,5,NA,14
2204,1,68,3,1,5,1,5,8
2205,2,13,6,1,NA,NA,3,6
2206,2,38,3,1,3,3,NA,12
2207,1,54,7,1,2,6,NA,6
2208,2,42,1,1,2,3,NA,2
2209,2,22,4,1,4,6,NA,6
2210,2,15,4,1,NA,NA,NA,8
2211,1,49,4,1,3,1,4,15
2212,2,26,3,1,2,6,NA,14
2213,1,35,3,1,1,5,NA,4
2214,2,75,1,1,1,3,NA,12
2215,1,59,3,1,5,1,5,9
2216,1,27,6,2,5,1,5,7
2217,1,25,4,1,4,5,NA,8
2218,2,36,6,2,5,1,NA,15
2219,2,32,4,1,3,5,NA,6
2220,1,30,7,1,2,6,NA,6
2221,1,36,2,1,4,6,NA,9
2222,1,34,6,2,5,1,NA,12
2223,2,17,3,1,NA,NA,NA,3
2224,2,80,3,1,3,2,NA,2
2225,1,61,6,1,4,1,5,9
2226,2,15,4,1,NA,NA,3,8
2227,1,21,1,1,4,5,NA,4
2228,2,17,1,1,NA,NA,3,9
2229,1,34,1,1,2,1,2,12
2230,1,32,4,1,4,5,NA,6
2231,1,80,3,1,3,1,3,1
2232,2,23,4,1,2,5,NA,1
2233,1,66,4,1,4,1,5,12
2234,1,72,3,1,5,3,NA,6
2235,1,70,6,2,1,1,NA,14
2236,2,54,3,1,4,2,NA,5
2237,2,80,4,1,3,2,NA,99
2238,2,14,3,1,NA,NA,NA,15
2239,1,67,3,1,5,1,5,15
2240,2,21,1,1,3,6,NA,1
2241,1,80,3,1,3,1,2,12
2242,2,64,3,1,5,1,5,14
2243,1,48,3,1,5,1,4,15
2244,1,73,3,1,3,1,3,15
2245,1,70,3,1,5,1,5,15
2246,1,60,1,2,1,1,1,5
2247,2,60,4,1,4,5,NA,7
2248,1,70,2,1,1,1,1,10
2249,1,32,2,1,4,1,4,9
2250,2,63,3,1,3,3,NA,1
2251,2,51,4,1,3,3,NA,9
2252,2,31,3,1,5,1,5,8
2253,2,20,3,1,4,6,NA,3
2254,2,58,6,2,3,4,4,14
2255,1,62,2,1,4,4,NA,8
2256,2,26,6,1,5,6,NA,2
2257,2,33,6,2,4,1,NA,15
2258,2,16,1,1,NA,NA,1,6
2259,1,15,4,1,NA,NA,NA,5
2260,2,23,3,1,4,6,NA,6
2261,1,15,4,1,NA,NA,NA,7
2262,1,35,4,1,2,5,NA,3
2263,2,26,2,1,5,5,NA,14
2264,1,14,2,1,NA,NA,3,5
2265,1,41,2,2,2,5,NA,3
2266,2,24,4,1,4,5,NA,6
2267,2,13,3,1,NA,NA,NA,10
2268,1,19,1,1,NA,NA,NA,1
2269,2,46,4,1,5,1,4,9
2270,1,16,6,1,NA,NA,5,15
2271,1,54,4,1,3,1,NA,7
2272,2,75,3,1,3,1,3,7
2273,1,80,3,1,3,1,3,13
2274,1,64,3,1,2,3,NA,2
2275,1,68,6,1,3,1,NA,7
2276,1,16,6,2,NA,NA,4,14
2277,1,17,3,1,NA,NA,NA,6
2278,1,13,7,1,NA,NA,NA,14
2279,1,39,4,1,3,1,3,10
2280,2,23,3,1,3,5,5,15
2281,1,51,2,1,1,1,2,6
2282,1,68,2,1,4,3,NA,4
2283,2,29,4,1,3,5,NA,6
2284,1,28,4,1,4,6,NA,7
2285,1,64,1,1,3,1,1,4
2286,2,65,3,1,2,1,NA,15
2287,1,71,2,2,5,4,NA,8
2288,1,36,1,1,4,1,4,14
2289,1,14,6,2,NA,NA,4,6
2290,1,51,1,1,1,1,3,9
2291,1,44,3,1,3,5,NA,3
2292,1,25,3,1,4,1,3,6
2293,2,62,4,1,4,4,NA,5
2294,1,51,6,2,2,1,2,6
2295,2,80,3,1,3,1,3,7
2296,2,57,3,1,4,1,5,15
2297,1,17,6,1,NA,NA,3,6
2298,2,43,6,2,4,1,4,5
2299,1,61,4,1,3,5,NA,2
2300,2,19,2,1,NA,NA,NA,3
2301,1,59,2,1,2,1,3,NA
2302,2,31,2,2,3,6,NA,3
2303,2,63,4,1,5,3,NA,6
2304,1,26,6,2,5,5,NA,4
2305,2,15,4,1,NA,NA,NA,5
2306,2,16,3,1,NA,NA,3,9
2307,1,16,7,1,NA,NA,NA,14
2308,1,26,6,2,5,5,NA,5
2309,2,73,3,1,5,1,5,14
2310,1,76,4,1,2,3,NA,7
2311,2,41,4,1,5,5,NA,6
2312,2,17,3,1,NA,NA,NA,2
2313,2,15,1,1,NA,NA,NA,7
2314,1,65,7,1,5,1,5,14
2315,2,65,2,1,2,3,NA,4
2316,1,41,2,2,2,1,2,13
2317,2,57,3,1,4,1,4,14
2318,1,23,2,1,5,5,NA,5
2319,1,29,6,1,4,6,NA,5
2320,2,23,6,2,5,5,NA,6
2321,1,67,3,1,5,1,5,15
2322,1,61,2,1,5,1,2,99
2323,2,80,3,1,4,2,NA,7
2324,1,51,1,1,1,5,NA,8
2325,2,46,4,1,5,3,NA,NA
2326,1,73,2,1,4,2,NA,3
2327,2,39,4,1,4,1,4,7
2328,1,49,6,1,3,1,NA,14
2329,2,43,3,1,4,1,4,15
2330,1,45,2,1,1,1,1,7
2331,1,35,1,1,5,1,5,14
2332,2,80,3,1,3,2,NA,3
2333,1,15,4,1,NA,NA,4,5
2334,2,16,3,1,NA,NA,NA,7
2335,1,45,4,1,3,6,NA,9
2336,2,41,3,1,4,5,NA,6
2337,1,34,1,2,1,6,NA,4
2338,1,69,3,1,5,1,5,10
2339,2,17,4,1,NA,NA,3,8
2340,2,36,7,1,3,5,NA,4
2341,2,51,2,1,5,1,NA,3
2342,1,34,3,1,3,5,NA,3
2343,2,71,3,1,3,3,NA,15
2344,2,41,2,1,4,1,3,15
2345,2,14,4,1,NA,NA,NA,7
2346,2,12,6,1,NA,NA,3,7
2347,1,76,1,2,1,1,1,99
2348,2,47,4,1,5,5,NA,10
2349,1,70,3,1,4,1,3,7
2350,1,80,3,1,5,2,NA,8
2351,2,34,4,1,4,6,NA,9
2352,1,59,6,1,5,5,NA,7
2353,2,80,2,1,1,2,NA,NA
2354,1,45,3,1,3,1,NA,15
2355,1,66,2,1,5,1,NA,15
2356,1,51,2,1,4,1,3,14
2357,1,61,3,1,5,1,5,15
2358,2,47,3,1,5,1,5,15
2359,1,76,1,1,1,2,NA,9
2360,1,14,4,1,NA,NA,NA,6
2361,2,34,1,2,1,6,NA,5
2362,2,17,3,1,NA,NA,NA,14
2363,1,38,1,2,1,6,NA,7
2364,1,27,6,2,5,6,NA,6
2365,1,13,3,1,NA,NA,4,6
2366,1,38,4,1,5,5,NA,15
2367,1,18,4,1,NA,NA,NA,NA
2368,2,78,6,1,1,2,NA,77
2369,2,40,1,2,1,1,2,12
2370,2,66,2,2,1,1,1,5
2371,2,15,4,1,NA,NA,NA,6
2372,2,37,3,1,4,1,4,8
2373,1,14,1,1,NA,NA,1,6
2374,2,22,3,1,2,5,NA,4
2375,2,16,4,1,NA,NA,NA,15
2376,2,62,3,1,3,1,3,6
2377,1,71,6,1,5,1,NA,10
2378,2,56,1,2,3,2,NA,3
2379,1,24,7,1,4,1,3,6
2380,2,80,3,1,3,2,NA,4
2381,2,35,2,1,3,1,3,5
2382,2,49,3,1,3,1,3,9
2383,2,34,6,1,4,6,NA,14
2384,2,13,1,1,NA,NA,NA,8
2385,2,66,1,1,4,1,2,7
2386,2,16,3,1,NA,NA,NA,7
2387,2,28,4,1,5,1,5,14
2388,1,67,3,1,3,1,NA,5
2389,1,46,4,1,3,1,3,6
2390,2,42,6,1,5,1,5,15
2391,1,13,4,1,NA,NA,NA,9
2392,2,60,6,1,2,1,2,6
2393,2,23,1,1,1,1,1,6
2394,2,34,2,1,3,6,NA,9
2395,1,48,3,1,4,1,5,15
2396,1,33,4,1,4,1,4,9
2397,2,27,2,2,4,6,NA,5
2398,1,19,4,1,NA,NA,4,7
2399,1,57,4,1,3,1,3,3
2400,1,48,2,2,2,6,NA,4
2401,2,38,1,1,4,3,NA,8
2402,1,41,7,1,5,1,5,15
2403,2,73,3,1,4,2,NA,10
2404,2,15,3,1,NA,NA,4,15
2405,1,75,3,1,4,2,NA,4
2406,1,23,6,2,4,5,NA,10
2407,1,38,2,2,5,1,5,1
2408,1,77,1,1,4,1,5,10
2409,2,79,4,1,3,2,NA,9
2410,2,40,1,1,4,3,NA,2
2411,2,48,6,1,3,1,NA,5
2412,2,29,2,1,3,1,3,3
2413,2,33,4,1,4,5,NA,9
2414,2,68,3,1,4,6,NA,8
2415,1,32,3,1,5,5,5,15
2416,1,59,3,1,2,1,4,6
2417,1,49,3,1,5,3,NA,9
2418,1,58,7,1,2,1,3,6
2419,2,17,3,1,NA,NA,NA,7
2420,2,70,2,1,4,1,4,4
2421,2,59,1,1,5,3,NA,8
2422,2,80,6,1,1,2,NA,2
2423,1,48,3,1,5,5,NA,9
2424,1,54,3,1,4,1,3,15
2425,1,40,3,1,5,1,4,15
2426,2,79,1,1,1,2,NA,2
2427,2,28,3,1,4,1,4,10
2428,2,26,6,2,5,1,NA,9
2429,2,27,4,1,2,1,2,1
2430,2,80,4,1,1,2,4,15
2431,2,17,4,1,NA,NA,4,10
2432,1,71,3,1,4,1,4,15
2433,2,19,7,1,NA,NA,NA,4
2434,1,35,2,2,1,6,NA,3
2435,2,47,2,2,5,1,5,15
2436,2,47,4,1,4,1,4,15
2437,2,29,3,1,4,5,NA,2
2438,2,23,4,1,2,5,2,7
2439,2,34,3,1,5,6,5,8
2440,1,61,1,1,1,1,3,7
2441,2,28,4,1,3,5,NA,6
2442,2,42,4,1,5,1,5,8
2443,1,50,2,2,4,1,NA,2
2444,2,58,4,1,5,1,5,15
2445,1,55,6,1,5,1,4,15
2446,1,65,6,1,5,1,NA,15
2447,2,74,2,1,3,3,NA,4
2448,2,12,3,1,NA,NA,NA,10
2449,1,37,1,1,4,1,4,9
2450,2,63,4,1,3,5,NA,4
2451,2,80,3,1,4,2,NA,6
2452,1,69,6,1,5,1,5,14
2453,1,16,3,1,NA,NA,NA,15
2454,2,42,1,2,1,1,1,5
2455,2,43,4,1,3,6,NA,4
2456,2,31,6,1,5,1,5,14
2457,1,21,4,1,4,5,NA,NA
2458,1,13,2,1,NA,NA,3,5
2459,2,30,1,2,2,5,NA,3
2460,2,64,3,1,4,1,4,15
2461,2,69,6,1,3,1,3,77
2462,2,21,3,1,4,5,NA,6
2463,1,18,1,1,NA,NA,5,15
2464,1,66,2,1,4,5,NA,8
2465,1,32,3,1,5,6,NA,7
2466,2,12,4,1,NA,NA,5,15
2467,1,30,1,1,5,1,5,14
2468,2,47,2,2,2,1,2,5
2469,1,67,4,1,4,1,4,8
2470,2,12,1,1,NA,NA,1,4
2471,2,26,6,2,5,1,5,14
2472,2,28,1,2,1,6,NA,7
2473,2,56,6,1,5,3,NA,15
2474,2,54,3,1,3,3,NA,1
2475,2,51,4,1,4,1,5,15
2476,2,71,4,1,5,1,5,12
2477,2,18,4,1,NA,NA,NA,13
2478,1,50,3,1,4,4,NA,4
2479,1,53,4,1,5,1,5,7
2480,2,28,3,1,5,1,5,10
2481,1,18,6,2,NA,NA,NA,1
2482,1,61,6,1,3,1,3,15
2483,1,64,3,1,4,1,NA,NA
2484,2,60,3,1,3,1,3,6
2485,2,19,1,2,NA,NA,NA,4
2486,1,53,2,2,1,6,NA,4
2487,2,32,4,1,3,3,NA,2
2488,1,54,2,1,3,1,3,NA
2489,1,40,3,1,4,3,NA,1
2490,2,21,3,1,1,1,NA,8
2491,1,19,4,1,NA,NA,NA,1
2492,1,21,4,1,2,5,NA,NA
2493,1,30,3,1,3,1,5,10
2494,1,68,3,1,4,1,4,3
2495,2,22,3,1,5,6,NA,8
2496,2,54,4,1,3,1,NA,8
2497,2,29,4,1,5,5,NA,7
2498,1,25,3,1,5,1,5,6
2499,2,18,4,1,NA,NA,NA,13
2500,2,68,7,1,4,3,2,99
2501,1,34,6,1,5,5,NA,1
2502,1,15,7,1,NA,NA,5,15
2503,1,12,4,1,NA,NA,3,77
2504,1,24,3,1,5,6,5,5
2505,1,80,3,1,5,1,3,15
2506,2,20,4,1,4,5,4,15
2507,1,30,3,1,4,1,5,8
2508,2,43,6,1,5,1,5,15
2509,2,20,3,1,4,5,4,15
2510,1,13,4,1,NA,NA,NA,8
2511,1,43,3,1,2,1,4,2
2512,1,12,4,1,NA,NA,NA,6
2513,1,54,4,1,2,1,NA,3
2514,1,22,7,1,4,5,NA,14
2515,1,22,2,2,4,1,4,9
2516,2,46,6,1,5,6,NA,6
2517,2,59,3,1,5,1,5,15
2518,1,29,1,2,2,1,4,14
2519,2,58,1,2,1,1,1,5
2520,2,22,2,1,5,5,NA,4
2521,1,32,1,1,3,1,3,6
2522,1,33,7,1,4,3,3,15
2523,1,16,4,1,NA,NA,NA,4
2524,1,52,3,1,4,1,4,9
2525,2,16,3,1,NA,NA,4,14
2526,1,14,1,1,NA,NA,NA,6
2527,2,24,3,1,4,5,NA,4
2528,2,51,4,1,5,1,5,12
2529,1,80,2,1,4,2,NA,15
2530,2,48,6,2,1,5,NA,1
2531,2,36,7,1,5,1,5,15
2532,2,54,2,1,4,1,4,8
2533,2,69,3,1,3,1,3,7
2534,1,80,1,1,2,1,1,13
2535,1,45,4,1,3,1,NA,NA
2536,2,48,3,1,3,2,NA,14
2537,1,30,3,2,5,1,5,15
2538,2,72,2,2,4,3,3,4
2539,2,15,3,1,NA,NA,5,15
2540,1,34,3,1,3,1,3,6
2541,2,59,1,2,1,1,1,14
2542,2,63,7,1,5,1,5,12
2543,1,63,1,2,1,1,NA,6
2544,1,17,4,1,NA,NA,NA,3
2545,2,61,4,1,4,3,NA,3
2546,1,53,4,1,2,5,1,7
2547,1,75,3,1,4,1,NA,77
2548,1,15,6,1,NA,NA,5,15
2549,2,46,3,1,4,1,5,14
2550,1,41,4,1,3,1,3,7
2551,1,36,2,2,3,1,3,77
2552,2,56,3,1,5,5,NA,15
2553,1,70,4,1,4,3,NA,2
2554,2,80,4,1,1,1,1,3
2555,1,59,4,1,3,4,NA,8
2556,1,64,1,2,1,1,2,8
2557,2,43,6,1,4,1,4,99
2558,1,14,4,1,NA,NA,5,7
2559,2,47,2,1,1,6,NA,1
2560,2,58,2,2,2,1,1,10
2561,1,29,3,1,3,2,NA,5
2562,1,39,3,1,3,3,NA,4
2563,1,35,3,1,4,5,NA,6
2564,2,78,3,1,4,2,NA,13
2565,1,50,2,1,4,3,NA,10
2566,1,37,3,1,4,1,3,10
2567,1,75,3,1,3,1,3,14
2568,2,42,2,1,4,3,NA,7
2569,1,55,3,1,3,6,NA,12
2570,1,18,1,2,NA,NA,NA,1
2571,2,35,3,1,3,5,NA,4
2572,2,74,4,1,2,3,NA,2
2573,1,38,1,1,2,5,NA,6
2574,2,56,4,1,3,6,NA,3
2575,2,70,3,1,3,2,NA,5
2576,1,32,3,1,4,1,4,7
2577,1,63,4,1,5,1,5,15
2578,2,44,1,2,1,1,1,10
2579,1,21,4,1,3,5,NA,3
2580,1,58,6,1,5,1,5,15
2581,2,55,6,2,1,6,NA,9
2582,2,24,1,1,4,1,NA,5
2583,1,66,2,2,5,1,1,5
2584,1,24,3,1,5,5,4,14
2585,1,47,4,1,4,1,4,7
2586,1,49,3,1,3,4,NA,15
2587,1,12,3,1,NA,NA,1,77
2588,1,50,3,1,3,1,2,14
2589,1,45,1,2,3,1,NA,5
2590,2,26,4,1,4,6,NA,7
2591,2,29,4,1,4,6,NA,5
2592,1,18,7,1,NA,NA,NA,14
2593,2,33,2,1,1,4,NA,7
2594,2,15,4,1,NA,NA,3,8
2595,2,31,3,1,4,1,4,9
2596,1,78,3,1,2,5,NA,4
2597,1,24,4,1,5,5,NA,5
2598,2,44,4,1,5,2,NA,15
2599,1,49,3,1,5,1,5,14
2600,2,54,4,1,4,3,3,6
2601,2,55,1,2,3,2,NA,3
2602,1,35,7,1,4,3,NA,7
2603,1,38,7,1,4,3,NA,7
2604,1,80,4,1,3,1,3,9
2605,2,52,4,1,4,5,NA,6
2606,1,34,1,2,5,1,5,14
2607,2,25,1,2,1,1,1,5
2608,1,57,3,1,4,1,4,9
2609,2,67,2,1,2,2,NA,3
2610,1,57,4,1,3,2,NA,6
2611,2,42,1,2,2,1,2,6
2612,1,19,6,1,NA,NA,NA,NA
2613,2,52,4,1,3,2,NA,7
2614,1,80,3,1,5,1,5,14
2615,1,15,1,2,NA,NA,NA,1
2616,2,30,4,1,4,6,NA,8
2617,2,30,3,1,5,5,NA,9
2618,1,17,4,1,NA,NA,4,77
2619,2,15,3,1,NA,NA,1,15
2620,2,39,4,1,4,1,4,5
2621,1,60,3,1,5,1,NA,14
2622,1,65,6,1,5,1,4,15
2623,2,67,4,1,4,1,3,9
2624,2,73,4,1,2,3,NA,99
2625,1,35,3,1,4,1,4,14
2626,1,37,4,1,3,6,NA,8
2627,2,68,3,1,4,2,NA,5
2628,2,24,1,1,5,6,NA,7
2629,2,30,2,1,5,1,NA,15
2630,1,19,3,1,NA,NA,NA,6
2631,2,67,2,1,1,2,NA,6
2632,1,66,1,1,3,1,3,15
2633,1,36,1,2,4,1,2,6
2634,1,39,4,1,4,1,4,8
2635,1,39,4,1,4,1,4,77
2636,2,30,3,1,4,1,4,5
2637,2,41,3,1,5,5,NA,14
2638,1,13,4,1,NA,NA,NA,4
2639,1,16,4,1,NA,NA,4,8
2640,1,69,7,1,5,1,4,9
2641,1,63,4,1,2,3,NA,1
2642,2,65,3,1,4,6,NA,4
2643,1,12,3,1,NA,NA,4,77
2644,1,68,2,1,1,1,4,9
2645,2,52,2,1,4,5,NA,3
2646,1,17,2,1,NA,NA,NA,3
2647,2,51,3,1,4,1,4,7
2648,1,52,1,2,2,4,NA,3
2649,2,52,4,1,3,4,NA,3
2650,2,55,2,2,1,3,NA,8
2651,1,71,3,1,4,1,3,7
2652,2,12,1,1,NA,NA,2,6
2653,2,62,4,1,1,2,NA,2
2654,2,67,3,1,5,1,5,5
2655,1,80,3,1,3,1,4,8
2656,2,17,7,1,NA,NA,5,10
2657,1,36,3,1,5,1,5,8
2658,1,17,3,1,NA,NA,4,12
2659,2,46,6,1,5,5,NA,5
2660,1,33,6,1,4,1,4,14
2661,1,70,3,1,5,5,NA,13
2662,2,25,3,1,3,5,NA,6
2663,1,65,1,2,1,1,1,1
2664,2,70,7,1,4,6,NA,15
2665,1,54,3,1,3,3,NA,1
2666,2,16,1,1,NA,NA,2,6
2667,2,12,3,1,NA,NA,4,8
2668,2,46,4,1,4,1,4,10
2669,2,75,4,1,2,2,NA,2
2670,2,46,4,1,5,3,NA,9
2671,2,44,4,1,4,5,NA,14
2672,1,35,4,1,2,5,NA,9
2673,2,12,6,1,NA,NA,2,7
2674,1,74,3,1,5,6,NA,8
2675,1,49,4,1,4,1,4,15
2676,2,42,6,1,5,1,5,14
2677,2,49,4,1,2,4,NA,4
2678,1,39,6,2,5,1,5,15
2679,1,53,3,2,5,5,NA,9
2680,1,22,7,1,3,6,NA,7
2681,2,76,4,1,3,4,NA,3
2682,2,51,1,1,3,1,4,15
2683,2,80,3,1,4,4,NA,13
2684,2,65,4,1,2,5,NA,99
2685,1,22,2,2,1,6,NA,6
2686,2,30,3,1,4,1,4,6
2687,1,47,4,1,2,5,NA,2
2688,1,20,1,2,4,5,NA,1
2689,1,66,4,1,4,5,NA,5
2690,2,74,2,1,1,3,NA,2
2691,2,61,1,1,2,2,NA,6
2692,1,25,1,1,3,5,1,8
2693,2,56,1,1,4,5,NA,9
2694,1,31,3,1,5,1,5,15
2695,2,27,7,1,3,6,NA,2
2696,2,46,3,1,5,1,5,15
2697,2,68,2,1,1,6,NA,10
2698,2,61,4,1,5,3,NA,7
2699,1,73,4,1,4,1,4,6
2700,2,65,4,1,3,3,NA,5
2701,2,66,3,1,5,1,5,15
2702,2,40,1,2,1,5,NA,1
2703,2,29,3,1,5,1,5,8
2704,2,37,3,2,4,1,4,15
2705,2,71,4,1,1,4,NA,3
2706,2,47,3,1,4,2,NA,6
2707,1,55,6,1,5,3,NA,15
2708,1,60,3,1,4,1,5,14
2709,1,62,4,1,3,1,4,15
2710,2,50,4,1,5,5,NA,5
2711,2,18,4,1,NA,NA,NA,7
2712,1,72,1,2,1,1,NA,13
2713,1,39,6,2,3,6,NA,14
2714,2,43,3,1,4,1,4,15
2715,2,80,2,1,1,4,NA,2
2716,1,52,2,2,2,1,2,14
2717,1,38,2,1,5,6,5,14
2718,1,14,4,1,NA,NA,NA,4
2719,1,60,1,2,1,1,1,7
2720,1,21,4,1,3,5,NA,6
2721,2,16,3,1,NA,NA,3,15
2722,1,13,4,1,NA,NA,NA,4
2723,2,42,2,1,4,1,4,8
2724,2,77,3,1,3,3,NA,6
2725,1,25,3,1,3,1,NA,14
2726,2,53,2,1,3,1,3,NA
2727,2,18,4,1,NA,NA,3,3
2728,2,71,1,1,1,1,1,4
2729,2,15,3,1,NA,NA,NA,6
2730,2,79,1,2,1,2,NA,3
2731,2,36,3,1,5,1,2,15
2732,2,48,4,1,4,5,NA,8
2733,1,12,3,1,NA,NA,1,15
2734,1,80,4,1,1,5,NA,13
2735,2,19,4,1,NA,NA,5,15
2736,1,18,2,2,NA,NA,3,4
2737,1,50,2,1,5,6,NA,14
2738,1,24,6,1,5,6,NA,15
2739,2,72,1,1,1,1,1,NA
2740,1,41,3,1,4,6,NA,7
2741,1,61,2,1,4,1,3,15
2742,2,41,3,1,5,1,5,15
2743,1,15,2,1,NA,NA,NA,8
2744,2,20,2,2,1,6,1,7
2745,1,54,3,1,4,1,4,9
2746,2,60,4,1,3,5,5,3
2747,2,12,1,2,NA,NA,NA,2
2748,2,12,6,1,NA,NA,1,15
2749,2,79,4,1,5,2,NA,1
2750,2,35,1,2,2,1,1,12
2751,1,16,6,1,NA,NA,3,6
2752,2,13,6,1,NA,NA,3,6
2753,1,36,4,1,2,5,NA,NA
2754,2,67,3,1,2,1,2,8
2755,1,70,2,1,4,1,2,3
2756,2,16,2,1,NA,NA,3,15
2757,2,32,3,1,5,1,5,10
2758,1,12,2,1,NA,NA,NA,15
2759,2,17,1,1,NA,NA,NA,4
2760,1,71,3,2,3,4,NA,2
2761,1,28,4,1,3,1,NA,8
2762,1,23,2,1,5,5,4,8
2763,2,29,6,2,5,1,5,NA
2764,2,22,3,1,3,5,5,12
2765,1,33,6,1,3,6,NA,NA
2766,2,60,4,1,5,5,NA,7
2767,1,61,1,1,3,1,2,9
2768,2,66,3,1,5,6,NA,14
2769,2,40,3,1,4,1,4,9
2770,1,16,1,1,NA,NA,1,6
2771,2,26,1,2,2,1,NA,5
2772,2,35,1,1,5,1,5,14
2773,1,60,1,1,4,1,4,9
2774,2,39,1,9,1,4,NA,4
2775,1,57,4,1,4,1,3,6
2776,2,64,2,1,1,2,NA,3
2777,1,80,6,1,5,1,3,77
2778,2,67,6,1,3,2,NA,NA
2779,1,44,3,1,5,1,4,7
2780,2,74,3,1,4,3,NA,3
2781,1,59,3,1,5,6,NA,2
2782,2,42,1,7,1,2,NA,4
2783,1,58,3,1,5,1,5,15
2784,1,14,3,1,NA,NA,NA,14
2785,2,17,3,1,NA,NA,NA,4
2786,2,12,3,1,NA,NA,5,14
2787,1,72,3,1,4,1,4,10
2788,2,76,1,1,1,1,1,8
2789,1,13,3,1,NA,NA,NA,15
2790,1,48,3,1,3,1,3,15
2791,2,65,2,2,4,2,NA,3
2792,1,26,6,2,3,5,NA,9
2793,1,17,4,1,NA,NA,NA,14
2794,1,73,3,1,4,1,3,6
2795,2,30,6,2,1,1,4,14
2796,2,77,3,1,2,1,2,6
2797,1,72,3,1,3,3,NA,5
2798,1,65,6,1,3,1,1,8
2799,1,12,3,1,NA,NA,NA,8
2800,2,41,3,1,4,1,3,6
2801,1,61,6,2,2,6,NA,9
2802,2,26,4,1,5,5,NA,7
2803,2,32,3,1,5,1,5,14
2804,2,69,3,1,4,1,NA,12
2805,1,20,4,1,4,5,3,8
2806,1,25,1,1,4,5,5,15
2807,2,63,2,1,4,1,4,14
2808,2,69,4,1,2,2,NA,2
2809,1,76,4,1,3,1,3,7
2810,1,26,3,1,1,1,2,8
2811,2,67,1,1,1,1,1,10
2812,2,64,2,1,3,1,3,12
2813,1,18,7,1,NA,NA,4,8
2814,2,28,3,1,2,3,NA,12
2815,2,16,4,1,NA,NA,NA,6
2816,1,26,6,1,4,6,NA,8
2817,2,70,4,1,1,4,NA,6
2818,2,53,3,1,3,4,NA,4
2819,1,42,1,2,1,6,NA,12
2820,2,19,6,1,NA,NA,3,14
2821,1,41,3,1,5,1,5,15
2822,1,42,7,1,5,1,5,15
2823,1,17,1,2,NA,NA,NA,NA
2824,1,35,6,2,5,1,5,99
2825,1,14,2,1,NA,NA,NA,15
2826,1,64,6,1,5,1,5,15
2827,2,43,1,2,1,6,NA,5
2828,2,57,1,1,5,1,5,15
2829,2,80,3,1,5,2,NA,7
2830,2,36,6,1,5,1,5,15
2831,2,12,4,1,NA,NA,2,1
2832,1,61,2,1,2,1,1,9
2833,2,41,6,2,4,1,1,7
2834,1,74,4,1,5,1,5,12
2835,2,77,1,2,1,2,NA,NA
2836,1,68,3,1,4,1,3,8
2837,2,77,1,1,1,2,NA,2
2838,2,63,7,1,5,1,NA,15
2839,2,68,2,1,4,1,3,4
2840,2,40,4,1,5,5,NA,10
2841,2,58,4,1,4,1,4,2
2842,1,76,3,1,5,1,5,15
2843,1,80,1,2,1,1,1,3
2844,2,76,1,2,1,2,NA,9
2845,1,60,1,1,3,1,2,7
2846,1,31,3,1,2,5,NA,1
2847,1,34,6,2,5,1,5,14
2848,2,24,1,1,4,5,NA,6
2849,1,22,1,2,1,6,NA,4
2850,1,22,2,1,4,5,5,15
2851,1,47,6,2,1,1,1,5
2852,2,16,6,1,NA,NA,NA,9
2853,2,52,2,1,2,4,NA,2
2854,1,58,1,1,4,5,NA,7
2855,2,36,3,1,5,2,NA,7
2856,2,16,3,1,NA,NA,NA,4
2857,2,27,4,1,4,5,NA,6
2858,1,79,3,1,4,3,NA,5
2859,2,44,3,1,5,1,5,14
2860,1,33,4,1,5,6,NA,14
2861,1,29,4,2,5,5,NA,15
2862,1,16,3,1,NA,NA,4,8
2863,1,12,4,1,NA,NA,NA,7
2864,1,80,3,1,2,1,2,4
2865,2,80,3,1,5,1,5,5
2866,1,46,1,1,2,1,2,14
2867,1,72,3,1,5,3,NA,5
2868,1,60,7,1,4,1,4,15
2869,2,57,4,1,2,5,NA,1
2870,2,51,6,2,5,1,5,14
2871,1,71,3,1,2,3,NA,1
2872,2,59,3,1,3,1,3,8
2873,2,49,3,1,5,1,5,15
2874,2,12,4,1,NA,NA,NA,13
2875,1,67,6,1,4,1,4,7
2876,2,67,4,1,2,1,2,7
2877,2,14,6,2,NA,NA,4,14
2878,1,20,3,1,3,5,4,7
2879,2,46,6,2,5,1,5,15
2880,2,48,4,1,3,6,NA,6
2881,2,54,3,1,5,1,5,15
2882,2,23,1,1,3,6,NA,6
2883,2,67,4,1,4,5,NA,5
2884,2,17,3,1,NA,NA,5,14
2885,2,53,4,1,3,1,3,14
2886,1,61,2,2,5,1,3,77
2887,2,65,2,1,4,1,4,9
2888,1,13,3,1,NA,NA,1,15
2889,1,31,6,2,5,1,5,14
2890,1,26,4,1,5,6,NA,5
2891,2,12,7,1,NA,NA,4,8
2892,1,48,3,1,2,1,2,7
2893,1,59,2,1,2,1,1,14
2894,1,51,2,1,5,1,3,15
2895,2,69,6,1,1,2,NA,3
2896,1,79,3,1,5,2,NA,10
2897,2,14,7,1,NA,NA,5,10
2898,2,33,1,2,2,4,NA,2
2899,1,19,3,1,NA,NA,3,15
2900,1,18,3,1,NA,NA,5,15
2901,1,17,4,1,NA,NA,NA,6
2902,1,18,1,1,NA,NA,NA,7
2903,2,49,1,2,1,3,NA,1
2904,2,36,4,1,4,4,4,6
2905,1,54,3,1,4,6,NA,2
2906,2,65,3,1,3,1,5,10
2907,1,56,3,1,4,3,NA,7
2908,1,72,3,1,4,1,2,3
2909,2,75,3,1,4,3,NA,3
2910,2,67,1,1,4,1,4,10
2911,2,60,7,1,4,1,4,15
2912,2,19,6,1,NA,NA,NA,8
2913,2,68,3,1,4,6,NA,3
2914,1,54,1,1,4,1,5,15
2915,1,80,1,1,2,1,2,15
2916,2,73,3,1,1,2,NA,6
2917,1,70,3,1,4,1,4,7
2918,2,18,4,1,NA,NA,5,15
2919,1,31,4,1,3,6,3,5
2920,1,68,1,1,4,1,4,7
2921,2,67,6,1,2,1,NA,4
2922,2,80,3,1,3,2,NA,3
2923,1,61,2,1,5,6,NA,3
2924,2,40,4,1,4,5,NA,7
2925,2,59,3,1,4,1,4,14
2926,2,47,3,1,4,6,NA,14
2927,1,42,3,1,4,1,4,9
2928,1,33,2,2,3,6,NA,5
2929,1,48,6,1,5,1,5,15
2930,2,60,3,1,4,2,NA,9
2931,2,23,3,1,4,1,4,7
2932,1,13,2,1,NA,NA,2,5
2933,1,58,2,1,4,1,3,7
2934,1,15,3,1,NA,NA,2,9
2935,2,55,1,1,3,6,NA,2
2936,1,12,6,1,NA,NA,5,15
2937,2,51,1,2,1,3,NA,5
2938,2,76,1,2,1,2,NA,2
2939,2,71,3,1,4,1,NA,15
2940,2,42,4,1,4,3,NA,13
2941,2,73,3,1,4,2,NA,6
2942,2,35,1,2,3,1,NA,1
2943,1,35,6,2,5,1,5,15
2944,1,70,6,1,5,1,5,7
2945,2,18,3,1,NA,NA,5,15
2946,2,12,1,1,NA,NA,NA,2
2947,1,59,4,1,1,1,NA,10
2948,2,80,3,1,5,2,NA,5
2949,1,16,1,1,NA,NA,1,6
2950,1,64,4,1,2,5,NA,6
2951,1,57,3,1,5,1,5,15
2952,2,76,3,1,3,2,NA,4
2953,2,13,1,1,NA,NA,NA,3
2954,2,19,4,1,NA,NA,NA,1
2955,1,17,1,1,NA,NA,2,14
2956,1,17,6,1,NA,NA,NA,NA
2957,2,37,4,1,4,1,4,77
2958,1,36,1,2,1,1,3,12
2959,1,12,2,1,NA,NA,2,6
2960,1,44,3,1,4,1,4,77
2961,1,58,4,1,2,5,NA,4
2962,1,61,3,1,3,5,NA,4
2963,2,63,1,1,4,3,NA,14
2964,2,15,6,1,NA,NA,3,14
2965,1,75,6,1,5,1,5,15
2966,1,80,4,1,3,1,3,6
2967,1,14,7,1,NA,NA,NA,5
2968,2,72,1,1,4,3,NA,2
2969,2,18,4,1,NA,NA,NA,2
2970,1,47,3,1,1,1,3,15
2971,1,60,3,1,5,6,NA,14
2972,2,80,2,1,3,3,NA,4
2973,1,48,3,1,4,5,NA,7
2974,1,40,1,2,3,1,NA,6
2975,1,80,3,1,4,2,NA,7
2976,1,36,2,1,3,1,3,5
2977,2,34,4,1,5,1,5,3
2978,2,24,1,2,1,1,1,7
2979,2,47,4,1,4,3,NA,15
2980,2,80,1,1,1,2,NA,77
2981,2,67,3,1,5,3,NA,10
2982,1,19,3,1,NA,NA,5,15
2983,2,36,1,1,3,1,1,6
2984,1,13,3,1,NA,NA,2,6
2985,2,58,2,1,3,1,3,7
2986,2,34,3,1,3,1,3,10
2987,1,44,3,1,5,1,5,15
2988,2,50,6,2,3,1,NA,13
2989,1,41,1,2,1,1,NA,8
2990,1,47,4,1,5,1,5,15
2991,2,61,6,2,5,5,NA,14
2992,1,63,3,1,5,3,NA,4
2993,2,13,4,1,NA,NA,NA,7
2994,1,59,3,1,5,3,NA,3
2995,1,81,3,1,5,3,NA,4
2996,1,15,2,1,NA,NA,3,8
2997,1,39,3,1,2,3,NA,6
2998,2,77,1,1,3,2,NA,7
2999,1,43,1,2,1,1,1,7
3000,1,39,1,2,3,1,2,15
3001,2,23,3,1,4,1,4,7
3002,1,13,2,1,NA,NA,2,5
3003,1,58,2,1,4,1,3,7
3004,1,15,3,1,NA,NA,2,9
3005,2,55,1,1,3,6,NA,2
3006,1,12,6,1,NA,NA,5,15
3007,2,50,1,2,1,3,NA,5
3008,2,77,1,2,1,2,NA,2
3009,2,70,3,1,4,1,NA,15
3010,2,42,4,1,4,3,NA,13
3011,2,73,3,1,4,2,NA,6
3012,2,36,1,2,3,1,NA,1
3013,1,36,6,2,5,1,5,15
3014,1,70,6,1,5,1,5,7
3015,2,18,3,1,NA,NA,5,15
3016,2,58,2,1,3,1,3,7
3017,2,34,3,1,3,1,3,10
3018,1,44,3,1,5,1,5,15
3019,2,50,6,2,3,1,NA,13
3020,1,41,1,2,1,1,NA,8
3021,1,47,4,1,5,1,5,15
3022,2,61,6,2,5,5,NA,14
3023,1,63,3,1,5,3,NA,4
3024,2,16,4,1,NA,NA,NA,7
3025,1,59,3,1,5,3,NA,3